ID,Fecha de detección,Nombre de la oportunidad,Entidad financiadora,Tipo de entidad,País / región de la entidad,Países elegibles,Sector o tema principal,Subtema,Tipo de apoyo,Monto disponible,Moneda,Cofinanciación requerida,Fecha de apertura,Fecha de cierre,Estado,Nivel de urgencia,URL oficial,URL secundaria,Resumen ejecutivo,Pertinencia para Visión Circular ANDI,Posibles líneas de proyecto aplicables,Requisitos principales,Documentos requeridos,Aliados potenciales,Riesgos o restricciones,Recomendación de acción,Próximo paso sugerido,Responsable sugerido,Score de pertinencia (1-5),Score de urgencia (1-5),Score de probabilidad de aplicación (1-5),Observaciones,Hash o clave para evitar duplicados,Fecha de última revisión
VC-0001,2026-05-29,Premio al Compromiso Empresarial con la Economía Circular,Conservation International Colombia (en alianza con otros actores),ONG,Colombia,Colombia,Economía circular,"Reducción, reutilización, reciclaje, regeneración de materiales",Premio o challenge; Fortalecimiento institucional,No especificado,No especificado,No especificado,2025-08-19,2025-09-30,Requiere verificación manual,Requiere verificación,https://www.conservation.org.co/Noticias/lista-de-noticias/premio-al-compromiso-empresarial-con-la-econom%C3%ADa-circular,No especificado,"Premio dirigido a empresas grandes, Mipymes, startups, jóvenes emprendedores e investigadores de Colombia que desarrollen soluciones circulares con resultados medibles en el último año. Los ganadores obtendrán estatuilla, certificado y mención pública. Evaluación del 7 al 27 de octubre 2025 con resultados en noviembre.","Altamente relevante para Visión Circular ANDI por enfocarse en reconocimiento y visibilización de prácticas de economía circular en envases, empaques, reciclaje, y modelos circulares empresariales en Colombia, con criterios de innovación, escalabilidad y alianzas.",Postular proyectos piloto de Visión Circular 2025-2026 en categorías de Mipymes o empresas grandes; postular emprendedores jóvenes de ecosistema circular; reconocimiento de iniciativas de inclusión de recicladores o ecodiseño de envases/empaques,"Proyecto en ejecución o con resultados medibles en el último año; que promueva reducción, reutilización, reciclaje o regeneración de materiales",No especificado (consultar enlace de registro oficial),Empresas afiliadas a ANDI; universidades y centros tecnológicos; cooperativas de recicladores; gremios sectoriales,Requisitos y criterios de evaluación no detallados en fuente; falta especificar formulario de inscripción o documentación requerida,"Identificar 2-3 proyectos exitosos del portafolio Visión Circular 2025-2026 aptos para postular (ej. PI25 Celema vidrio, PI26 Equirent movilidad sostenible, PI53 recolección envases). Validar requisitos y preparar documentación de resultados e impactos.",Contactar a Conservation International Colombia para solicitar TdR y formulario oficial de postulación; pre-identificar proyectos candidatos con métricas de impacto,Coordinación de proyectos Visión Circular; Comunicaciones ANDI,5,1,5,Convocatoria plenamente vigente para 2025. El enlace oficial confirma fechas y estructura. ANDI tiene múltiples proyectos elegibles. Falta detalle sobre el proceso de registro (requiere validar formulario oficial). | Fuente fuera del listado oficial conocido (conservation.org.co): verificar oficialidad,d14b668fa906ab57,2026-05-29
VC-0002,2026-05-29,Convocatoria Visión Circular 2025-2026 (Proyectos de Innovación),ANDI - Visión Circular,Gremio,Colombia,Colombia,Economía circular,"Envases y empaques, reciclaje, inclusión de recicladores, modelos circulares empresariales",Cofinanciación; Piloto demostrativo; Innovación; Inclusión social,Entre 150 millones y 243 millones COP por proyecto (según tabla de proyectos aprobados),COP,"Sí, aportes de empresas y organizaciones postulantes",No especificado,No especificado (se presume abierta para ciclo 2025-2026),Requiere verificación manual,Requiere verificación,https://www.andi.com.co/Uploads/Conv.%20Visi%C3%B3n%20Circular%202025-2026.pdf,https://www.andi.com.co,"Convocatoria interna de Visión Circular ANDI que co-financia proyectos de innovación circular con empresas, organizaciones de recicladores, emprendimientos y entidades territoriales. Montos entre $150M y $243M COP para pilotos en reciclaje de vidrio, plásticos, movilidad sostenible de recicladores, inclusión de víctimas, ecoeficiencia y REP.","Es el programa propio de ANDI Visión Circular. Totalmente pertinente, ya que busca demostrar modelos circulares escalables en envases, empaques, plásticos, inclusión de recicladores y cumplimiento REP en territorios colombianos.",Implementación de esquemas de recolección de envases y empaques; transformación de botellas de vidrio posconsumo; renta de motocarros eléctricos para recicladores; producción de bolsos ecológicos con materiales reciclados; peletizadoras para reciclaje de plásticos,Alianza empresa-organización social o territorial; plan de ejecución 12 meses; cumplimiento con lineamientos de REP y circularidad; contrapartidas de postulantes,Propuesta técnica y financiera; carta de intención de aliados; plan de indicadores de impacto; certificaciones organizacionales,Empresas productoras de envases; organizaciones de recicladores; alcaldías; universidades; cooperativas; BIC y emprendimientos circulares,Convocatoria parece cerrada o en ejecución (documento lista proyectos ya aprobados); no hay indicación de nueva apertura inmediata,Monitorear anuncio de próxima convocatoria Visión Circular 2026-2027; sistematizar aprendizajes de proyectos actuales para próxima postulación; identificar nuevos aliados empresariales,Consultar con equipo Visión Circular ANDI fechas de próxima convocatoria; pre-identificar nuevas propuestas de innovación circular,Coordinación Visión Circular ANDI,5,1,5,"Documento oficial de ANDI. Los proyectos listados están en ejecución 2025-2026. No hay indicación clara de nueva ventana de postulación inmediata, pero es estratégico para mapear aliados y preparar próxima versión. | Fuente fuera del listado oficial conocido (andi.com.co): verificar oficialidad",9d9eb40239be3566,2026-05-29
VC-0003,2026-05-29,Financiamiento Google.org con IA para problemas científicos y sociales,Google.org,Fundación,Estados Unidos,Global (incluye Colombia y América Latina),Innovación,Inteligencia artificial aplicada a problemas ambientales y sociales,Grant no reembolsable; Asistencia técnica; Innovación,No especificado (se menciona 'fondos globales'),USD,No especificado,No especificado,2026-04-17,Requiere verificación manual,Requiere verificación,No especificado,https://www.asocapitales.co/sites/default/files/files/technical_documents/boletin-cooperacion-internacional-marzo-2026-2.pdf,"Google.org ofrece grants y asistencia técnica para proyectos que usen inteligencia artificial para resolver problemas científicos y sociales. Dirigido a universidades, ONGs y entidades del Estado con áreas de innovación. Incluye acompañamiento de expertos Google.","Oportunidad para innovar en modelos de IA aplicados a reciclaje inteligente, clasificación de residuos, trazabilidad de envases/empaques, optimización de logística de recolección o ecodiseño predictivo en economía circular.",IA para clasificación automática de residuos plásticos; modelos predictivos de generación de envases; plataformas digitales para inclusión de recicladores; blockchain y IA para trazabilidad REP; ecodiseño asistido por IA,Proyecto con componente de IA; áreas de innovación institucionales; propuesta con impacto científico o social medible,No especificado,"Universidades colombianas (Andes, Javeriana, Nacional, EAFIT); centros de investigación como CTA, SENA; startups de IA; empresas ANDI con áreas de innovación digital","Fuente secundaria (boletín Asocapitales, no página oficial Google.org); falta URL directa; requisitos y montos no detallados; alta competencia global",Buscar convocatoria oficial en sitio Google.org; validar elegibilidad y requisitos; identificar aliado académico/tecnológico con capacidad en IA,Verificar en https://www.google.org/ existencia de convocatoria activa con cierre abril 2026; contactar área de innovación o alianzas estratégicas ANDI,Alianzas estratégicas / Innovación PROJECTABILITY,4,1,3,"Fecha límite 17/04/2026 próxima. Fuente secundaria (boletín Asocapitales), no se accedió a URL oficial de Google.org. Requiere verificación urgente de convocatoria real y términos oficiales. | Fuente fuera del listado oficial conocido (asocapitales.co): verificar oficialidad",0215ac618434c3b8,2026-05-29
VC-0004,2026-05-29,Propel - Financiamiento para ONGs y Proyectos Sociales (Medio Ambiente),WePropel,Plataforma,Estados Unidos,Global (incluye Colombia),Medio ambiente,Identificación de fondos internacionales para proyectos ambientales,Grant no reembolsable; Asesoría en captación de fondos,Variable según grants identificados,USD,No especificado,No especificado,2026-03-20,Requiere verificación manual,Requiere verificación,No especificado,https://www.asocapitales.co/sites/default/files/files/technical_documents/boletin-cooperacion-internacional-marzo-2026-2.pdf,"Plataforma WePropel identifica fondos internacionales para proyectos de educación, salud y medio ambiente. Dirigido a entidades públicas y organizaciones del tercer sector en Colombia. Incluye asesoría en captación de fondos y grants directos según categoría.","Puede facilitar acceso a grants internacionales para proyectos de economía circular, reciclaje, gestión de residuos, envases sostenibles. Útil para organizaciones del ecosistema Visión Circular (recicladores, ONGs, municipios).",Búsqueda de grants para proyectos de inclusión de recicladores; financiamiento de infraestructura de reciclaje; proyectos de ecodiseño con enfoque social,"Entidades públicas u organizaciones sin ánimo de lucro en Colombia; proyectos en medio ambiente (incluye gestión de residuos, sostenibilidad)",No especificado,Alcaldías; organizaciones de recicladores; ONGs ambientales colombianas; fundaciones locales,"Plataforma de intermediación, no es financiador directo; puede cobrar por servicios de asesoría; falta transparencia sobre grants específicos disponibles; fuente secundaria",Investigar sitio oficial WePropel; validar si hay costo por servicio; evaluar grants disponibles específicamente para economía circular en Colombia,Buscar URL oficial WePropel y validar convocatorias o servicios vigentes; consultar con organizaciones socias de Visión Circular interesadas,Coordinación de captación de recursos / Alianzas con organizaciones de base,3,1,2,"Fuente secundaria (boletín Asocapitales), no URL oficial. Fecha cierre 20/03/2026 muy próxima. Plataforma de intermediación, no financiador directo. Requiere urgente verificación de existencia, términos y costos asociados. | Fuente fuera del listado oficial conocido (asocapitales.co): verificar oficialidad",f195f9a91bb10bab,2026-05-29
VC-0005,2026-05-29,Programa Mejores para Colombia - iNNpulsa Colombia,iNNpulsa Colombia,Gobierno,Colombia,Colombia,Innovación,"Empresas de impacto, sostenibilidad empresarial, gobernanza ESG",Aceleración; Fortalecimiento institucional; Asistencia técnica,Becas para Certificación Empresa B (monto no especificado); acompañamiento sin costo,COP,No especificado,2025-05-08,Aproximadamente 60 días desde lanzamiento (estimado julio 2025),Activa,Baja,https://innpulsacolombia.com/cemprende/sites/default/files/2025-06/TDR_compressed.pdf,https://innpulsacolombia.com,"Programa de iNNpulsa Colombia dirigido a empresas de impacto que buscan fortalecer su sostenibilidad, liderazgo y reporte ESG. Incluye acompañamiento en Evaluación de Impacto B (EIB), Plan de Mejora, y posibilidad de becas para Certificación como Empresa B. Enfoque en gobernanza, diversidad, gestión ambiental, acción climática y economía circular.","Relevante para empresas del ecosistema Visión Circular (productoras de envases, recicladoras, BIC circulares) que deseen certificarse como Empresa B, mejorar reporte de sostenibilidad y acceder a inversión de impacto con enfoque ESG y economía circular.",Certificación Empresa B para empresas afiliadas ANDI con modelos circulares; reporte sostenibilidad para productores de envases/empaques; fortalecimiento de cadenas de valor con recicladores; estrategias ESG y circularidad,Empresas colombianas de impacto; compromiso con completar Evaluación de Impacto B; participación en sesiones grupales y construcción de Plan de Mejora,Inscripción en formulario oficial; completar 100% Evaluación de Impacto B (EIB),Sistema B Colombia; empresas BIC afiliadas ANDI; productoras de envases sostenibles; empresas recicladoras; universidades para componente investigación,"Beneficio principal es acompañamiento técnico, no grant monetario directo; becas para certificación limitadas; proceso requiere compromiso de tiempo y recursos internos empresa",Identificar 3-5 empresas del ecosistema Visión Circular interesadas en certificación Empresa B; difundir convocatoria entre afiliados ANDI; acompañar postulación,Validar fecha exacta de cierre en sitio oficial iNNpulsa; preparar comunicación a empresas afiliadas; coordinar con Sistema B Colombia,Coordinación empresarial Visión Circular / Sostenibilidad ANDI,4,1,5,"Convocatoria oficial de iNNpulsa Colombia, entidad gubernamental. Fechas estimadas a partir de documento TDR. Sesión informativa mencionada sin fecha exacta. URL oficial proporcionada. Beneficio principal es fortalecimiento institucional y posible beca certificación.",e11c31093580e722,2026-05-29
VC-0006,2026-05-29,Fundación OAK - Grants para proyectos ambientales o sociales & género,Fundación OAK,Fundación,Internacional,Global (incluye Colombia y América Latina),Medio ambiente,"Sostenibilidad, justicia social, género",Grant no reembolsable; Donación,"Hasta 25,000 USD por proyecto",USD,No especificado,Abierta permanentemente,Abierta permanentemente,Requiere verificación manual,Requiere verificación,No especificado (fuente terciaria TrabajoHumanitario.org),https://trabajohumanitario.org/convocatoria-para-financiar-proyectos-ambientales-o-sociales-genero,"Fundación OAK otorga subvenciones hasta USD 25,000 a organizaciones sin fines de lucro de todo el mundo con proyectos ambientales o sociales que impacten comunidades con problemas socioeconómicos. Convocatoria abierta todo el año.","Aplicable a proyectos de inclusión de recicladores, economía circular comunitaria, modelos de negocio circulares con enfoque social y ambiental, especialmente liderados por organizaciones de base o ONGs del ecosistema Visión Circular.",Proyectos de inclusión económica de recicladores; economía circular territorial con enfoque género; fortalecimiento de cooperativas de recicladores; emprendimientos circulares liderados por mujeres; educación ambiental y reciclaje comunitario,Organizaciones sin fines de lucro; proyectos con impacto ambiental o social medible; enfoque en comunidades vulnerables,No especificado (consultar sitio oficial Fundación OAK),Organizaciones de recicladores formalizadas; ONGs ambientales colombianas; asociaciones de mujeres recicladoras; fundaciones locales,"Monto limitado (hasta USD 25,000); fuente terciaria (TrabajoHumanitario.org), no se accedió a sitio oficial Fundación OAK; falta claridad sobre proceso de aplicación y criterios específicos",Buscar sitio web oficial Fundación OAK; validar convocatoria vigente y requisitos; identificar organizaciones de base del ecosistema Visión Circular elegibles,Verificar en sitio oficial de Fundación OAK existencia y términos de convocatoria permanente; difundir entre organizaciones socias de Visión Circular,Coordinación de alianzas con organizaciones de base / Inclusión social,4,1,3,Convocatoria permanente (ventaja: sin urgencia de cierre). Fuente terciaria; no se accedió a URL oficial Fundación OAK. Monto moderado pero útil para organizaciones pequeñas. Requiere verificación de términos oficiales. | Fuente fuera del listado oficial conocido (trabajohumanitario.org): verificar oficialidad,fbdf226e3125a04d,2026-05-29
VC-0007,2026-05-29,Programa de innovación para la circularidad de los plásticos en América Latina 2025,WRAP - The Waste and Resources Action Programme,ONG,Reino Unido,"Colombia, Chile, México",Economía circular,"Plásticos flexibles, Reciclaje, Ecodiseño, Envases y empaques",Grant no reembolsable; Innovación; Piloto demostrativo,No especificado,No especificado,No especificado,No especificado,No especificado,Requiere verificación manual,Requiere verificación,https://www.wrap.ngo/es/innovacion-circularidad-plasticos-America-Latina-2025,No especificado,"WRAP convoca a soluciones innovadoras para prevenir la contaminación por plásticos en Colombia, Chile y/o México, enfocadas en envases y empaques plásticos flexibles con alto riesgo de filtrarse al océano. Se buscan propuestas para: (1) reducir el uso de plásticos flexibles problemáticos (sachets, envoltorios, etiquetas), (2) habilitar el reciclaje de plásticos flexibles mediante diseño y tecnologías intermedias (monomaterialidad, eliminación de componentes no reciclables). Es parte del International Circular Plastics Flagship Programme, que apoya soluciones escalables en varios países.","Altamente alineada con Visión Circular ANDI: aborda directamente plásticos flexibles (prioridad del programa), reciclabilidad, ecodiseño, cierre de ciclo de envases/empaques, modelos de negocio circulares y pilotaje empresarial. Colombia es país elegible principal.",Piloto de envases flexibles reutilizables o reciclables; ecodiseño de empaques flexibles monomateriales; tecnologías de separación/clasificación de flexibles; modelos de negocio para reducción de sachets; alianzas con empresas para innovación en empaque flexible; articulación con recicladores para recuperación de flexibles,No especificado,No especificado,Empresas del Colectivo Visión Circular; Fundación Ellen MacArthur (Pacto Global de Nueva Economía del Plástico); recicladores organizados; universidades con centros de empaque/materiales; Ministerio de Ambiente; WRAP Chile (experiencia regional),"No se especifican fechas de apertura/cierre exactas; no se detalla monto; requiere verificar requisitos de elegibilidad específicos (tipos de organizaciones, sectores); posible alta competencia regional","Contactar a WRAP inmediatamente para solicitar términos de referencia completos, fechas exactas y condiciones de elegibilidad. Priorizar línea de plásticos flexibles (sachets, envoltorios) que son prioritarios en Visión Circular.",Enviar correo a WRAP solicitando información oficial de la convocatoria 2025; revisar proyectos financiados previamente en Chile (enlace menciona experiencia desde 2019); convocar empresas del Colectivo interesadas en flexibles,Coordinación de Innovación y Proyectos / Dirección Visión Circular ANDI,5,1,5,"La fuente confirma Colombia como país elegible explícitamente. WRAP tiene experiencia previa en Chile (desde 2019) lo que valida su operación regional. La convocatoria se titula '2025' lo que sugiere vigencia actual, pero se requiere verificar fechas exactas y estado (abierta/próxima). Los 3 desafíos están perfectamente alineados con las prioridades de Visión Circular. | Fuente fuera del listado oficial conocido (wrap.ngo): verificar oficialidad",22b915344d468cbf,2026-05-29
VC-0008,2026-05-29,Fondo Colombia Sostenible,BID (Banco Interamericano de Desarrollo) y CII (Corporación Interamericana de Inversiones),Banca multilateral,Multilateral,"Colombia (entidades nacionales, regionales o locales)",Sostenibilidad ambiental,"Economía circular, Reciclaje, Gestión de residuos, Cambio climático",Cooperación técnica; Donación; Grant no reembolsable; Donación de recuperación contingente; Garantía de deuda,No especificado,USD,No especificado,No especificado,Abierta permanentemente,Requiere verificación manual,Requiere verificación,https://www.apccolombia.gov.co/sites/default/files/062818_-colombia_sostenible_reglamento_operativo_version_2.pdf,No especificado,"Fondo Colombia Sostenible financia operaciones de cooperación técnica no reembolsable, inversión no reembolsable, donaciones de recuperación contingente y garantías de deuda del BID y CII para entidades colombianas (nacionales, regionales, locales). El Fondo apoya proyectos que muestren resultados cuantificables en: reducción de residuos/emisiones, tratamiento o disposición adecuada de residuos, sistemas de reutilización y reciclaje (incluido compostaje), y reducción en uso de recursos. Apoya acciones de adaptación y mitigación al cambio climático.","Altamente pertinente para Visión Circular: incluye explícitamente sistemas de reutilización, reciclaje y compostaje; reducción de residuos y emisiones; uso de tecnologías ambientales. Los criterios de elegibilidad mencionan economía circular directamente. Puede financiar proyectos de cierre de ciclo, inclusión de recicladores (tecnologías), y modelos de negocio circulares.",Asistencia técnica para implementación REP en sectores específicos; proyectos piloto de reciclaje inclusivo con tecnologías; sistemas de trazabilidad de materiales reciclables; fortalecimiento institucional de asociaciones de recicladores; tecnologías de aprovechamiento de residuos de envases; sistemas de compostaje de empaques biodegradables; pilotos de economía circular territorial,"Ser entidad elegible colombiana (nacional, regional o local); proyectos deben mostrar resultados cuantificables en al menos uno de los aspectos ambientales especificados (reducción residuos, reciclaje, etc.); cumplir políticas BID de gastos elegibles","No especificado en detalle; se infiere: formulación de proyecto según estándares BID, indicadores cuantificables, presupuesto según políticas BID",BID (administrador del Fondo); Ministerio de Ambiente (puede ser contraparte); alcaldías/gobernaciones (entidades locales/regionales); universidades (para componentes técnicos); asociaciones de recicladores (beneficiarios); empresas del Colectivo Visión Circular (coejecutores),Documento del reglamento operativo es de 2018 (versión 2); se requiere verificar si sigue vigente en 2025 y si hay actualizaciones; no se especifica monto disponible actual del Fondo; procesos de aprobación BID pueden ser largos; puede requerir contrapartida (no especificado),"Verificar vigencia del Fondo con APC Colombia o BID Colombia; solicitar información actualizada sobre ventanillas abiertas y montos disponibles; identificar proyectos maduros de Visión Circular que cumplan criterios (reciclaje, reutilización) para formulación según estándares BID",Contactar a APC Colombia (Agencia Presidencial de Cooperación) para confirmar vigencia del Fondo y procedimientos actuales; revisar proyectos de economía circular en portafolio Visión Circular que puedan escalar con este financiamiento,Área de Cooperación Internacional / Dirección de Sostenibilidad ANDI,5,1,4,"El reglamento operativo es de junio 2018 (versión 2), por lo que se requiere verificar vigencia actual. Sin embargo, los fondos BID suelen tener vigencia plurianual. La inclusión explícita de 'sistemas de reutilización y reciclaje' como gasto elegible es muy relevante. ANDI podría aplicar si articula con entidades elegibles (alcaldías, ministerios) o empresas. El documento menciona proyectos del FOMIN (ahora BID Lab), lo que amplía posibilidades.",dce892fb2d1fc357,2026-05-29
VC-0009,2026-05-29,Proyecto Empleos Verdes de la Economía Circular (PREVEC),Gobierno de Alemania (cooperación bilateral con Colombia),Cooperación bilateral,Alemania,Colombia,Economía circular,"Inclusión de recicladores, Empleos verdes, Capacitación, Fortalecimiento de recicladores",Cooperación técnica; Asistencia técnica; Fortalecimiento institucional; Inclusión social,No especificado,No especificado,No especificado,No especificado,No especificado,Requiere verificación manual,Requiere verificación,https://www.minambiente.gov.co/gobierno-plantea-apoyo-economico-para-fortalecer-asociaciones-de-recicladores,No especificado,"PREVEC es un proyecto de cooperación entre Colombia y Alemania que articula sectores público, privado, población recicladora y cooperación internacional para fortalecer la ruta hacia una economía circular. Incluye el primer laboratorio de economía circular en Colombia (SENA) que certificará aproximadamente 2000 recicladores al año. La Ministra de Ambiente anunció que se estudiará la viabilidad de incentivos económicos a asociaciones de recicladores y ciudadanos que reciclen.","Muy pertinente para Visión Circular: el proyecto aborda inclusión de recicladores (pilar clave del programa), capacitación técnica, fortalecimiento de asociaciones, y articula sector privado (empresas del Colectivo ANDI podrían vincularse). Complementa la implementación de REP que requiere integración de recicladores.",Articulación del Colectivo Visión Circular con PREVEC para capacitación de recicladores en manejo de envases/empaques; pilotos de reciclaje inclusivo con empresas; fortalecimiento técnico de asociaciones de recicladores socias de esquemas REP; certificación de competencias de recicladores en manejo de plásticos/flexibles; alianzas con SENA para formación técnica específica,"No especificado; se infiere: articulación con Ministerio de Ambiente, GIZ Colombia, SENA; foco en inclusión de recicladores y economía circular",No especificado,"Ministerio de Ambiente y Desarrollo Sostenible; GIZ Colombia (implementador técnico probable); SENA (Laboratorio de Economía Circular); asociaciones de recicladores (ARB, otras); empresas del Colectivo Visión Circular (como sector privado); alcaldías locales",No se especifica si hay ventanas abiertas para nuevos socios o proyectos; puede ser un proyecto ya estructurado con socios definidos; no se detalla si hay financiamiento adicional disponible o solo asistencia técnica; requiere articulación gubernamental,"Contactar a Ministerio de Ambiente (Dirección de Asuntos Ambientales Sectorial y Urbana o de Economía Circular) y GIZ Colombia para explorar cómo Visión Circular puede articularse con PREVEC, especialmente en componentes de inclusión de recicladores en esquemas empresariales REP",Solicitar reunión con MinAmbiente y/o GIZ Colombia para presentar Visión Circular y explorar sinergias con PREVEC; identificar empresas del Colectivo interesadas en vincular recicladores certificados,Coordinación de Articulación Institucional / Dirección de Visión Circular ANDI,5,1,4,"La noticia es reciente (menciona visita de Ministra alemana a Colombia, primer viaje a Latinoamérica). El Laboratorio de Economía Circular en SENA es una infraestructura concreta y operativa. No se especifica si PREVEC tiene fondos para nuevos proyectos o solo brinda asistencia técnica. La articulación público-privada-recicladores es exactamente el modelo de Visión Circular. Se requiere verificar etapa actual del proyecto y ventanas de articulación.",bd43ee37f573e34e,2026-05-29
VC-0010,2026-05-29,CircularEconomy4Colombia: Agrichallenge,CGIAR / AgriTech Challenge,Plataforma,Internacional,Colombia (nacional y global con aplicabilidad en Colombia),Economía circular,"Valorización de residuos agroindustriales, tratamiento de aguas residuales, conversión de residuos en alimento animal, energía renovable de residuos agrícolas",Premio o challenge; Aceleración; Asistencia técnica; Financiamiento; Innovación; Piloto demostrativo,No especificado,No especificado,No especificado,No especificado,No especificado,Requiere verificación manual,Requiere verificación,https://agritechchallenge.org/projects/circulareconomy-4colombia,No especificado,"Desafío de innovación para acelerar la transición hacia una economía circular en el sector agroalimentario de Colombia, alineado con el Plan Nacional de Desarrollo 2022-2026 y los objetivos de la COP 16 Colombia. Ofrece mentoría experta, capacitación empresarial, oportunidades de financiamiento y red de líderes de la industria e inversionistas para soluciones en etapa temprana. Busca innovaciones en valorización de residuos, tratamiento de aguas, conversión de residuos en alimento animal y energía renovable.","Altamente relevante para Visión Circular ANDI porque aborda valorización de residuos orgánicos, conversión en productos de valor agregado, y economía circular sectorial. La iniciativa conecta con envases agroalimentarios y cierre de ciclos en sectores priorizados por ENEC Colombia.",Pilotos de valorización de residuos de empaques agroalimentarios; soluciones de tratamiento de aguas residuales en cadenas productivas; conversión de residuos agroindustriales en energía o materias primas; modelos de negocio circulares para sector agrícola con participación de cooperativas y empresas,Innovadores nacionales o globales con soluciones en etapa temprana aplicables al contexto colombiano; científicos de CGIAR con enfoque emprendedor; alineación con áreas prioritarias del desafío,No especificado,"CGIAR, empresas agroindustriales, cooperativas de recicladores de base orgánica, universidades con facultades agrícolas, MinAmbiente, MADR, gremios del sector agroalimentario",Enfoque sectorial en agro puede limitar aplicabilidad directa para envases no agroalimentarios; elegibilidad de entidades gremiales no confirmada explícitamente,Verificar fechas de apertura y cierre de convocatoria contactando directamente a AgriTech Challenge. Evaluar sinergias entre línea de acción de envases/empaques de ENEC y residuos agroindustriales.,"Contactar a los organizadores vía la web oficial para confirmar estado de convocatoria, requisitos de elegibilidad para gremios/programas como Visión Circular, y plazos. Mapear empresas asociadas ANDI del sector agroalimentario interesadas en valorización de residuos.",Coordinación de proyectos / Área de innovación y economía circular,4,1,4,La fuente no especifica fechas claras de convocatoria activa ni montos; se requiere verificación directa. El enfoque agroalimentario es complementario a la línea de envases/empaques de ENEC. La participación de CGIAR sugiere posibilidad de alianzas con centros de investigación. | Fuente fuera del listado oficial conocido (agritechchallenge.org): verificar oficialidad,1dbdd3477625f86f,2026-05-29
VC-0011,2026-05-29,Circulate Capital - Latam Opportunistic Investments,Circulate Capital,Fondo de inversión privado / Plataforma,Estados Unidos,América Latina y el Caribe (oportunísticamente),Economía circular,"Reciclaje, gestión de residuos plásticos, materiales innovadores bio-basados/compostables, modelos de negocio circulares digitales, reciclaje químico avanzado",Financiamiento concesional; Equity; Deuda; Quasi-equity; Aceleración; Escalamiento,"2 a 30 millones USD (portfolio principal Asia); 1 a 5 millones USD (Disrupt - Innovation, global)",USD,"Sí, según modelo de inversión de capital privado",Abierta permanentemente,Abierta permanentemente (rolling basis),Activa,Baja,https://www.circulatecapital.com/apply-for-funding,No especificado,"Fondo de impacto enfocado en economía circular y gestión de residuos plásticos. Invierte principalmente en Asia del Sur y Sudeste, pero explora oportunísticamente oportunidades en América Latina y el Caribe. Busca empresas en etapa early-growth y growth con modelos financieramente atractivos. Apoya reciclaje, materiales innovadores, plataformas digitales circulares y reciclaje químico avanzado. Ticket de 2-30M USD (portfolio Asia) y 1-5M USD (Innovation, global).","Altamente relevante porque financia escalamiento de modelos de negocio circulares, reciclaje avanzado, materiales sostenibles y digitalización de cadenas de reciclaje, alineados con prioridades de ENEC Colombia y REP. Puede apoyar empresas asociadas a ANDI en crecimiento.",Escalamiento de plantas de reciclaje químico de plásticos flexibles; plataformas digitales de trazabilidad y formalización de recicladores; empresas de materiales bio-basados o compostables para empaques; modelos de reuso/refill para envases; inversión en startups circulares colombianas con potencial de crecimiento,"Empresas en etapa early-growth o growth; retornos financieros ajustados al riesgo; foco en residuos plásticos y economía circular; preferencia por Asia, pero abierto a Latam; modelos escalables","Business plan, modelo financiero, equipo fundador, métricas de impacto ambiental y social, plan de escalamiento (inferido del proceso típico de fondos de inversión)","Empresas asociadas ANDI con proyectos de reciclaje avanzado o innovación en materiales; startups colombianas de economía circular; Bancóldex, Innpulsa, fondos locales para co-inversión; SENA, universidades para I+D","Elegibilidad 'oportunística' sugiere que Latam no es prioridad geográfica; requiere madurez empresarial (early-growth/growth stage) y atractivo financiero, lo que excluye proyectos piloto o pre-seed; proceso competitivo","Mapear empresas asociadas a ANDI en etapa de crecimiento con proyectos de reciclaje químico, materiales innovadores o plataformas digitales circulares. Preparar pitch deck y modelo financiero. Contactar Circulate Capital para sondear interés específico en Colombia.","Identificar 2-3 empresas o startups colombianas con modelos escalables en economía circular (ej. reciclaje químico de flexibles, plataformas de trazabilidad). Realizar pre-acercamiento informal con Circulate Capital para validar fit geográfico y sectorial antes de aplicación formal.",Área de alianzas estratégicas / Innovación empresarial,5,1,3,"Circulate Capital es reconocido globalmente en financiamiento de economía circular. Su enfoque 'oportunístico' en Latam sugiere que Colombia debe presentar proyectos excepcionalmente atractivos. El fondo 'Disrupt - Innovation' (1-5M USD, global) puede ser más accesible para startups colombianas. No es grant ni cooperación técnica, sino inversión privada con expectativa de retorno.",38f53201a34e169d,2026-05-29
VC-0012,2026-05-29,Circular Economy Categorisation and Technical Assistance - IDB/IDB Invest Colombia,Banco Interamericano de Desarrollo (BID) / BID Invest,Banca multilateral,Regional (América Latina y Caribe),"Colombia (proyecto ejecutado con Bancóldex, Banco de Bogotá, Bancolombia)",Economía circular,"Financiamiento de proyectos circulares, categorización de inversiones, portafolio verde, alineación con ENEC y NDC Colombia",Asistencia técnica; Fortalecimiento institucional; Financiamiento concesional,No especificado,No especificado,No especificado,No especificado,No especificado,Requiere verificación manual,Requiere verificación,https://energy-base.org/projects/circular-economy-taxonomy-for-colombia,https://idbinvest.org/sites/default/files/2024-08/Financing_Circular_Economy_Investments_Colombia_OK.pdf,"Asistencia técnica del BID/BID Invest para desarrollar una categorización de economía circular y acompañar su implementación piloto en tres bancos colombianos (Bancóldex, Banco de Bogotá, Bancolombia). Busca crear un mercado de financiamiento para proyectos del sector privado que contribuyan a la transición de economía lineal a circular, alineado con la Estrategia Nacional de Economía Circular (ENEC) y las NDC de Colombia. Incluye herramientas de evaluación de circularidad de inversiones.","Altamente relevante porque crea infraestructura financiera para canalizar recursos hacia proyectos de economía circular empresarial en Colombia. Facilita acceso a financiamiento para empresas asociadas ANDI que implementen modelos circulares en envases/empaques, reciclaje, REP, etc. La taxonomía permite evaluar y certificar circularidad de proyectos.",Acceso a líneas de crédito verde/circular en bancos colombianos para proyectos de ecodiseño de envases; financiamiento de infraestructura de reciclaje o logística inversa para REP; inversión en plantas de transformación de reciclados; certificación de circularidad de iniciativas empresariales; vinculación de empresas ANDI con Bancóldex para financiar pilotos circulares,Proyectos del sector privado; alineación con taxonomía de economía circular BID-Colombia; cumplimiento de criterios de circularidad evaluables; viabilidad financiera (inferido),No especificado (dependería de cada banco participante),"Bancóldex, Banco de Bogotá, Bancolombia; MinAmbiente, MinComercio; empresas asociadas ANDI con proyectos de inversión circular; BASE (consultora implementadora); BID Invest",El proyecto de asistencia técnica puede estar en fase de implementación o finalizado; no está claro si aún hay ventanas abiertas de apoyo directo o si ya se consolidó la taxonomía y ahora depende de cada banco. Requiere confirmación de vigencia.,"Contactar a Bancóldex, BID Invest Colombia o BASE para confirmar estado actual del proyecto y disponibilidad de líneas de crédito verde/circular para empresas. Explorar cómo empresas asociadas ANDI pueden acceder a financiamiento usando la taxonomía desarrollada.",Solicitar reunión con Bancóldex (área de financiamiento sostenible) para conocer productos activos de economía circular. Revisar documento técnico completo del BID (URL secundaria) para entender criterios de elegibilidad. Difundir entre empresas ANDI la existencia de esta taxonomía y líneas de crédito potenciales.,Área de alianzas financieras / Coordinación de proyectos,5,1,4,"El proyecto de asistencia técnica parece haber sido ejecutado (documento de 2024). Sin embargo, la taxonomía y las líneas de crédito pueden estar activas ahora en los bancos participantes. Se requiere verificar con Bancóldex y BID Invest si hay convocatorias o ventanas de financiamiento vigentes derivadas de este proyecto. La información es robusta y oficial (fuentes BID, BASE). | Fuente fuera del listado oficial conocido (energy-base.org): verificar oficialidad",e42e665bd3dba8ff,2026-05-29
VC-0013,2026-05-29,IFC Regional Initiative for Industrial Plastic Circularity in Latin America and the Caribbean,International Finance Corporation (IFC),Banca multilateral,Estados Unidos (Grupo Banco Mundial),"América Latina y el Caribe, con foco específico en Brasil",Economía circular,"Plásticos industriales, reducción de uso de plásticos vírgenes de base fósil, reciclaje de plásticos",Asistencia técnica; Cooperación técnica; Investigación aplicada; Escalamiento; Financiamiento climático,No especificado,No especificado,No especificado,2026-01,No especificado,Requiere verificación manual,Requiere verificación,https://www.ifc.org/en/pressroom/2026/ifc-launches-regional-initiative-to-accelerate-investment-ready-industrial-plastic,https://rainbowforest.org/bfs/ifc-bfs-plastic-circularity-latin-america-2026,"Iniciativa regional del IFC implementada por BlackForest Solutions en alianza con ABIPLAST (asociación brasileña de plásticos) para acelerar la circularidad industrial de plásticos en América Latina y el Caribe. Ayuda a empresas a medir huellas de plástico, diseñar hojas de ruta de reducción y construir proyectos de economía circular listos para inversión. Incluye fases de mapeo, desarrollo de línea base, apoyo a nivel empresa y generación de oportunidades de inversión.","Directamente alineada con Visión Circular: aborda cierre de ciclo de envases y empaques plásticos, economía circular industrial, modelos de negocio circulares y articulación con empresas y gremios. La ANDI puede participar como gremio articulador y sus empresas asociadas como beneficiarias directas.",Medición de huella de plásticos en empresas asociadas ANDI; Desarrollo de roadmaps de reducción de plásticos vírgenes fósiles; Diseño de proyectos de reciclaje industrial listos para inversión; Pilotos de circularidad en sectores de envases y empaques; Articulación con ABIPLAST para transferencia de mejores prácticas; Desarrollo de casos de inversión para infraestructura de reciclaje.,"Empresas usuarias de plásticos, convertidores y actores clave de la cadena de valor de plásticos en América Latina. Se requiere compromiso para cuantificar huellas de plástico y priorizar palancas de reducción factibles.",No especificado,ABIPLAST (Brasil); empresas transformadoras de plásticos asociadas ANDI; gremios sectoriales de envases/empaques; centros tecnológicos; empresas recicladoras; BlackForest Solutions como implementador técnico.,"Iniciativa recién lanzada (2026), detalles de elegibilidad específica aún en desarrollo. Foco inicial parece estar en Brasil vía ABIPLAST, aunque es regional. Puede requerir capacidad técnica para medición de huellas de plástico.",Contactar inmediatamente a IFC y BlackForest Solutions para confirmar elegibilidad de empresas colombianas y la ANDI como gremio. Explorar posibilidad de replicar el modelo ABIPLAST con la ANDI como articulador en Colombia.,Establecer contacto directo con IFC Colombia y BlackForest Solutions para reunión exploratoria sobre participación de empresas colombianas. Identificar 3-5 empresas asociadas ANDI líderes en plásticos/envases para postular como casos piloto.,Coordinación de proyectos Visión Circular / Gerencia de Sostenibilidad ANDI / Área de Alianzas Internacionales,5,1,4,"Iniciativa muy reciente (lanzamiento anunciado 2026). Las fuentes confirman que está en fase de mapeo y desarrollo de línea base. La implementación con ABIPLAST en Brasil es clara, pero la extensión a otros países LAC requiere verificación. Es una oportunidad estratégica de alto valor por ser IFC (financiamiento potencial significativo) y por alineación total con Visión Circular.",7481940b25048f37,2026-05-29
VC-0014,2026-05-29,Climate and Clean Air Coalition (CCAC) - Latin America Reducing Methane Emissions from Organic Waste Project,Climate and Clean Air Coalition (CCAC),Plataforma,Internacional (multi-stakeholder),América Latina y el Caribe,Residuos,"Emisiones de metano, gestión de residuos orgánicos, compostaje, digestión anaeróbica, prevención de pérdida de alimentos",Cooperación técnica; Asistencia técnica; Piloto demostrativo; Fortalecimiento institucional,No especificado,No especificado,No especificado,No especificado,No especificado,Requiere verificación manual,Requiere verificación,https://www.ccacoalition.org/projects/latin-america-reducing-methane-emissions-organic-waste,No especificado,"Proyecto regional del CCAC para reducir emisiones de metano del sector residuos en América Latina y el Caribe. Busca establecer una ruta clara para lograr 30% de mitigación de metano en residuos para 2030. Incluye iniciativas de minimización de pérdida de alimentos, proyectos de captura de gas de rellenos sanitarios, y valorización de residuos orgánicos (compostaje, digestión anaeróbica). Apoya desarrollo de pipeline de proyectos, regeneración de suelos y reducción de consumo de alimentos.","Relevante para Visión Circular en la dimensión de gestión de residuos, cierre de ciclo de materiales orgánicos y economía circular territorial. Puede complementar trabajo en envases/empaques con enfoque en residuos orgánicos y cambio climático (NDC). Articulación potencial con empresas de alimentos/bebidas asociadas ANDI.","Proyectos de valorización de residuos orgánicos en empresas ANDI (compostaje industrial, biodigestión); Pilotos de reducción de pérdida de alimentos en cadenas de valor; Articulación con municipios para gestión sostenible de residuos orgánicos; Desarrollo de proyectos de captura de metano; Integración de residuos orgánicos en estrategias de economía circular territorial; Contribución a NDCs de Colombia en sector residuos.","No especificado. Parece ser cooperación técnica directa a gobiernos locales y nacionales, potencialmente abierto a colaboración con sector privado y gremios.",No especificado,Ministerio de Ambiente y Desarrollo Sostenible; municipios; empresas de alimentos y bebidas; operadores de rellenos sanitarios; cooperativas de recicladores; universidades; centros de investigación en agricultura/suelos.,Información limitada sobre mecanismo de acceso y ventanas de aplicación. No hay detalles sobre financiamiento específico disponible. Puede ser más cooperación técnica que grants directos.,"Contactar CCAC para explorar sinergias entre Visión Circular y este proyecto regional. Identificar puntos de entrada para ANDI (vía empresas de alimentos, articulación con autoridades locales). Verificar si hay oportunidades de cofinanciamiento para pilotos demostrativos.",Consultar con CCAC sobre estado actual del proyecto y mecanismos de participación para Colombia. Revisar si Colombia ya participa formalmente y quién es el punto focal nacional.,Coordinación técnica Visión Circular / Área de Cambio Climático ANDI,3,1,3,"Oportunidad de cooperación técnica regional más que financiamiento directo. No hay convocatoria activa identificada, pero es un proyecto en curso. La pertinencia es indirecta (residuos orgánicos vs. foco principal de Visión Circular en envases/empaques), pero puede fortalecer visión integral de economía circular. | Fuente fuera del listado oficial conocido (ccacoalition.org): verificar oficialidad",a5b0228b1021baaf,2026-05-29
VC-0015,2026-05-29,Too Good to Waste - Inter-American Development Bank (IDB),Inter-American Development Bank (IDB/BID),Banca multilateral,Estados Unidos (regional LAC),América Latina y el Caribe,Residuos,"Gestión de residuos, economía circular, reducción de metano, resiliencia climática, gestión de residuos sólidos municipales",Financiamiento concesional; Asistencia técnica; Cooperación técnica; Piloto demostrativo; Fortalecimiento institucional,No especificado,No especificado,No especificado,No especificado,No especificado,Requiere verificación manual,Requiere verificación,https://www.iadb.org/en/who-we-are/topics/water-and-sanitation/initiatives/too-good-waste,No especificado,"Iniciativa del BID para mejorar gestión de residuos en América Latina y el Caribe, avanzar hacia economía circular competitiva, construir resiliencia sectorial ante eventos climáticos extremos y reducir emisiones de metano. Busca transicionar del modelo lineal (extracción-consumo-disposición) a modelos circulares que minimicen residuos y maximicen uso de recursos. Apoya disponibilidad y gestión sostenible de servicios de agua, saneamiento y residuos sólidos.","Altamente relevante por su enfoque integral en economía circular, gestión de residuos y transición del modelo lineal. Complementa bien el trabajo de Visión Circular en cierre de ciclo, aunque su alcance es más amplio (incluye agua y saneamiento). Oportunidad para articular proyectos de infraestructura circular y modelos de negocio con financiamiento multilateral.",Infraestructura de reciclaje y valorización de envases/empaques; Proyectos de economía circular territorial con municipios; Modelos de negocio circulares para sector privado; Pilotos de reducción de metano en gestión de residuos; Fortalecimiento de cadenas de valor de reciclaje; Proyectos de resiliencia climática en gestión de residuos; Articulación público-privada para infraestructura circular.,"No especificado. Probablemente requiere ser proyecto respaldado por gobierno nacional o local, con participación de sector privado vía esquemas de cofinanciamiento o alianzas público-privadas.",No especificado,Ministerio de Ambiente; DNP; Ministerio de Vivienda; municipios; empresas de servicios públicos de aseo; empresas productoras ANDI; universidades; cooperativas de recicladores; autoridades ambientales regionales.,"No hay convocatoria activa identificada. Es una iniciativa marco del BID que puede canalizar financiamiento a proyectos específicos, pero no es un fondo abierto. Requiere articulación con gobierno para acceso a recursos.",Explorar con BID Colombia mecanismos para desarrollar proyectos bajo este marco. Identificar alineación con operaciones activas del BID en Colombia en agua y saneamiento. Proponer proyectos pilotos de economía circular que articulen gobierno-empresas-recicladores.,Reunión con representación BID Colombia para entender pipeline de proyectos y puntos de entrada para Visión Circular. Revisar operaciones BID activas en Colombia en sector agua/residuos.,Gerencia Visión Circular / Área de Alianzas Institucionales ANDI,4,1,3,"Iniciativa marco estratégica del BID, no convocatoria abierta directa. El acceso a financiamiento requiere probablemente articulación vía gobierno nacional o proyectos estructurados como préstamos/cooperaciones técnicas con entidades públicas. Sector privado participaría vía cofinanciamiento o como ejecutor. Es más una ventana de oportunidad que un grant directo.",b89f2137c86fc7bc,2026-05-29
VC-0016,2026-05-29,IKI Country Call Colombia 2024,International Climate Initiative (IKI) - Ministerio Federal de Medio Ambiente de Alemania,Cooperación bilateral,Alemania,Colombia (con apoyo político del gobierno colombiano),Clima,"Cambio climático, biodiversidad, economía circular (posible)",Grant no reembolsable; Cooperación técnica,No especificado,EUR,No especificado,2024-07-18,No especificado,Requiere verificación manual,Requiere verificación,https://www.international-climate-initiative.com/fileadmin/iki/Dokumente/Calls/Laendercall/Kolumbien2024/240718_IKI_country_call_COL_funding_announcement_bf.pdf,No especificado,Convocatoria específica de IKI para Colombia con tres prioridades temáticas. Se seleccionarán tres proyectos (uno por prioridad temática) en consulta estrecha con ministerios colombianos. Procedimiento en dos fases: selección de outlines y desarrollo posterior de propuestas completas.,"Alineación directa si las prioridades temáticas incluyen economía circular, residuos, o sostenibilidad. IKI tradicionalmente apoya proyectos de biodiversidad, clima y uso sostenible de recursos naturales, pertinentes para Visión Circular.",Economía circular territorial; modelos de negocio circulares; cierre de ciclo de envases plásticos; articulación público-privada para gestión de residuos; inclusión de recicladores en cadenas de valor climáticas.,Apoyo político del ministerio colombiano competente; alineación con una de las tres prioridades temáticas; capacidad de implementación en Colombia; cumplimiento de requisitos de gestión de fondos alemanes.,Project outline (primera fase); propuesta completa (segunda fase); carta de apoyo del ministerio colombiano; presupuesto; plan de trabajo; No especificado en detalle.,Ministerio de Ambiente y Desarrollo Sostenible de Colombia; empresas asociadas a ANDI; universidades colombianas; centros tecnológicos; cooperación alemana GIZ.,Competencia alta; requiere apoyo político formal del gobierno colombiano; procedimiento en dos fases con selección intermedia; las prioridades temáticas específicas no están detalladas en el documento disponible.,Verificar con urgencia las tres prioridades temáticas de la convocatoria y ventanas de cierre. Contactar al punto focal de IKI en Colombia y a los ministerios pertinentes para confirmar alineación y obtener carta de apoyo político.,"Contactar a ZUG gGmbH (gestora de IKI) y al Ministerio de Ambiente colombiano para confirmar prioridades temáticas, elegibilidad de proyectos de economía circular y plazos vigentes.",Coordinación de proyectos; Alianzas estratégicas con gobierno,4,1,3,Documento fechado julio 2024. No se confirma si convocatoria sigue abierta en mayo 2025. Prioridades temáticas no detalladas en extracto disponible. Requiere verificación urgente de vigencia y alineación temática. | Fuente fuera del listado oficial conocido (international-climate-initiative.com): verificar oficialidad,0fd53683d5f3be57,2026-05-29
VC-0017,2026-05-29,GCF Readiness and Preparatory Support Programme,Green Climate Fund (GCF),Fondo climático,Internacional (Corea del Sur sede),Colombia y todos los países en desarrollo miembros de UNFCCC,Clima,Financiamiento climático; preparación de proyectos; fortalecimiento institucional; economía circular y residuos (bajo mitigación y adaptación),Asistencia técnica; Fortalecimiento institucional; Cooperación técnica,Hasta USD 3 millones por país (según modalidad),USD,No,Abierta permanentemente,Abierta permanentemente,Activa,Baja,https://www.greenclimate.fund/readiness,https://www.greenclimate.fund/countries/colombia,"Programa permanente del GCF para fortalecer capacidades nacionales en acceso a financiamiento climático, desarrollo de propuestas, fortalecimiento de entidades acreditadas, estrategias nacionales y programas país. Colombia es país elegible con NDA activa (actualizada marzo 2026 según documento).","Altamente relevante para preparar proyectos de economía circular vinculados a mitigación (reducción de emisiones en gestión de residuos, reciclaje) y adaptación. Permite desarrollar propuestas GCF para financiar pilotos, infraestructura circular e inclusión de recicladores.",Desarrollo de propuesta GCF para economía circular de envases; fortalecimiento de capacidades de recicladores; infraestructura de reciclaje y clasificación; programas REP; ecodiseño; pilotos de modelos de negocio circulares; articulación territorial.,Solicitud a través del NDA (National Designated Authority) de Colombia; alineación con NDC y estrategias nacionales; presentación por entidad acreditada o delivery partner; coherencia con prioridades GCF.,Propuesta de readiness según template oficial GCF; carta de no objeción del NDA; presupuesto; plan de trabajo; marco lógico; plan de género.,Ministerio de Ambiente de Colombia (NDA); UNDP Colombia; entidades acreditadas GCF en Colombia; CAF; Banco Mundial; empresas ANDI; universidades.,"Proceso puede ser largo (revisión por secretaría GCF); requiere coordinación con NDA colombiano; limitado a preparación de proyectos, no financia implementación directa a gran escala.","Contactar NDA de Colombia (Ministerio de Ambiente) para expresar interés en desarrollar propuesta de readiness enfocada en economía circular de envases y empaques, y eventual propuesta completa GCF.","Reunión con punto focal NDA Colombia; revisión de país programme de Colombia en GCF; identificación de entidad delivery partner (UNDP, CAF u otra acreditada).",Coordinación de proyectos; Alianzas con gobierno,4,1,4,"Programa permanente, sin cierre. Página de Colombia actualizada con documentos recientes (2025-2026). Economía circular y residuos pueden enmarcarse bajo mitigación climática y desarrollo sostenible. Colombia cuenta con proyectos GCF aprobados (ej. Amazonia Viva FP284, nov 2025).",5f67084d0840297e,2026-05-29
VC-0018,2026-05-29,IDB Lab Capital Funds - Venture Capital for Latin America and the Caribbean,IDB Lab (Banco Interamericano de Desarrollo),Banca multilateral,Estados Unidos (sede BID),América Latina y el Caribe,Innovación,Emprendimiento; financiamiento de startups; economía circular; sostenibilidad; tecnología climática,Financiamiento concesional; Aceleración; Escalamiento,No especificado (inversión equity en fondos de venture capital),USD,Sí (fondos VC requieren coinversión),Próximamente,No especificado,Requiere verificación manual,Requiere verificación,https://www.iadb.org/en/how-we-can-work-together/calls-proposals,https://bidlab.org/en/projects,"IDB Lab anuncia convocatoria próxima para gestoras de fondos de venture capital que busquen inversión equity de IDB Lab en fondos enfocados en América Latina y Caribe. Orientado a innovación, impacto social y ambiental, incluyendo tecnologías verdes y economía circular.","Relevante para escalar startups de economía circular, tecnologías de reciclaje, innovación en envases sostenibles, plataformas digitales de reciclaje, modelos de negocio circulares con potencial de crecimiento y atracción de capital.",Inversión en fondos VC que apoyen startups de economía circular; tecnologías de reciclaje avanzado; plásticos alternativos; plataformas de logística inversa; ecodiseño; inclusión digital de recicladores.,Gestoras de fondos de inversión (investment management firms); enfoque en LAC; estrategia de impacto social/ambiental; coinversión; track record en VC.,"No especificado (típicamente: pitch deck, estrategia de fondo, equipo gestor, pipeline, modelo financiero)",Gestoras de VC en Colombia y región; startups de economía circular; aceleradoras; fondos de impacto; empresas ANDI interesadas en corporate venture.,"Dirigido a gestoras de fondos VC, no directamente a proyectos operativos de ANDI; requiere estructura de fondo de inversión; plazos y términos aún no publicados.",Monitorear apertura de convocatoria en portal IDB Lab. Explorar alianza con gestoras de VC colombianas o regionales interesadas en economía circular para presentar fondos temáticos.,Suscribirse a alertas de IDB Lab; contactar unidad de VC de IDB Lab para expresar interés y conocer cronograma; mapear gestoras VC en Colombia especializadas en sostenibilidad.,Alianzas estratégicas; Innovación y nuevos negocios,3,1,2,"Convocatoria aún no abierta formalmente (dice 'will open soon'). Modalidad indirecta (inversión en fondos, no en proyectos). Requiere intermediación de gestora VC. Pertinencia media pues no financia directamente programas de Visión Circular sino fondos que podrían invertir en startups del sector.",319f11b6246c3006,2026-05-29
VC-0019,2026-05-29,GEF Small Grants Programme (SGP) - Operational Phase 8,Global Environment Facility (GEF) - implementado por UNDP,Fondo ambiental,Internacional (Estados Unidos sede),Colombia y países participantes en GEF SGP (incluyendo varios de LAC),Economía circular,Biodiversidad; Cambio climático; Degradación de tierras; Aguas internacionales; Químicos y residuos,Grant no reembolsable; Piloto demostrativo; Innovación; Inclusión social,"Hasta USD 15,000 por proyecto (organizaciones comunitarias); hasta USD 35,000 (organizaciones con experiencia)",USD,No especificado (generalmente se valora),Abierta (según país; Colombia históricamente activa),Variable según ventana país,Requiere verificación manual,Requiere verificación,https://www.thegef.org/newsroom/news/gef-small-grants-programme-launched-colombia,https://co.chm-cbd.net/en/gef-projects,"Programa de pequeñas donaciones del GEF que financia proyectos comunitarios de base en biodiversidad, cambio climático, degradación de tierras, aguas y químicos/residuos. Colombia es país activo con SGP implementado desde 2015. Grants de hasta USD 15,000-35,000 para organizaciones locales.","Alta pertinencia para proyectos de reciclaje comunitario, inclusión de recicladores de base, gestión de residuos sólidos, economía circular territorial, reducción de plásticos, compostaje, manejo de químicos y residuos peligrosos.",Inclusión y fortalecimiento de organizaciones de recicladores; pilotos comunitarios de reciclaje de plásticos flexibles; compostaje comunitario; reducción de residuos en territorios; sensibilización en economía circular; manejo de residuos peligrosos; articulación recicladores-empresas.,"Organizaciones de la sociedad civil, organizaciones comunitarias, fundaciones, instituciones académicas locales registradas en Colombia; enfoque comunitario de base; alineación con áreas focales GEF; cobeneficio ambiental y social.",Propuesta de proyecto según template GEF SGP; presupuesto detallado; carta de apoyo comunitaria; indicadores de impacto ambiental y social; plan de género (recomendado).,Organizaciones de recicladores de base; cooperativas de recicladores; ONGs ambientales locales; JAC (Juntas de Acción Comunal); universidades regionales; gobiernos locales.,"Montos pequeños (limitados para proyectos de gran escala); proceso competitivo; requiere organización comunitaria como aplicante (ANDI/Visión Circular no puede aplicar directamente, debe hacerlo una organización comunitaria).",Identificar organizaciones de recicladores de base aliadas de Visión Circular que puedan aplicar al SGP con acompañamiento técnico de ANDI/PROJECTABILITY. Cofinanciar o apoyar técnicamente su aplicación.,Contactar coordinador nacional GEF SGP Colombia (implementado por UNDP Colombia); mapear organizaciones de recicladores elegibles; desarrollar ideas de proyecto conjunto.,Coordinación de inclusión social; Alianzas con recicladores,5,1,4,Programa activo en Colombia desde 2015. Fase 8 operativa. Ventanas de aplicación pueden variar; requiere verificación de convocatoria abierta en Colombia en 2025. Alta pertinencia para componente de inclusión de recicladores de Visión Circular.,49e199e943360ff2,2026-05-29
VC-0020,2026-05-29,UK PACT Colombia - Green Finance Call for Proposals,UK PACT (Gobierno del Reino Unido - FCDO y DESNZ),Cooperación bilateral,Reino Unido,Colombia,Clima,Finanzas verdes; financiamiento sostenible; transición climática,Grant no reembolsable; Asistencia técnica; Fortalecimiento institucional,No especificado,GBP,No especificado,10 de octubre de 2024,15 de noviembre de 2024 (EOI),Activa,Baja,https://www.ukpact.co.uk/news/uk-pact-call-for-proposals-colombia-green-finance,No especificado,Convocatoria de UK PACT Colombia en finanzas verdes bajo la Alianza UK-Colombia para el Crecimiento Sostenible. Expresiones de interés (EOI) con cierre 15 noviembre 2024. Fecha ya pasada.,"Alta pertinencia temática (finanzas verdes pueden incluir financiamiento de economía circular), pero convocatoria cerrada desde noviembre 2024.",N/A (convocatoria cerrada),N/A (convocatoria cerrada),N/A (convocatoria cerrada),N/A (convocatoria cerrada). Posible contacto con UK PACT Colombia para futuras convocatorias.,N/A (convocatoria cerrada),Monitorear UK PACT Colombia para nuevas convocatorias en 2025-2026. Contactar UK PACT Colombia para expresar interés en economía circular para próximas oportunidades.,Suscribirse a alertas de UK PACT; contactar oficina UK PACT Colombia para conocer pipeline de convocatorias 2025.,Coordinación de proyectos,4,1,1,Convocatoria cerrada desde noviembre 2024. Incluida como referencia de cooperación bilateral activa en Colombia con potencial de futuras convocatorias.,25a1ddcd60b7f26c,2026-05-29
VC-0021,2026-05-29,Programa EUROCLIMA+ - Diálogo País y acciones temáticas,Comisión Europea (Unión Europea),Cooperación multilateral,Unión Europea,18 países de América Latina (incluyendo Colombia),Clima,Economía circular; gestión de residuos; bosques; biodiversidad; energía; agua; movilidad urbana; producción resiliente,Cooperación técnica; Asistencia técnica; Piloto demostrativo; Fortalecimiento institucional,No especificado (programa regional con múltiples líneas),EUR,Variable según línea,"Programa en curso (iniciado 2017, fases sucesivas)",No especificado (programa plurianual con ventanas de identificación continua),Requiere verificación manual,Requiere verificación,https://www.expertisefrance.fr/es/proyectos/programa-euroclima-dialogo-pais,No especificado,Programa emblemático de cooperación regional de la Comisión Europea en América Latina para mitigación y adaptación al cambio climático. Apoya implementación de NDCs en 18 países mediante identificación conjunta de acciones en seis sectores temáticos (incluyendo gestión de residuos y economía circular). Metodología Diálogo País permite identificar acciones prioritarias con gobiernos nacionales.,Alta pertinencia. Gestión de residuos y economía circular se mencionan explícitamente en documento sobre asistencia técnica a iniciativa privada de valorización de residuos plásticos (Guatemala). Colombia es país participante. Posibilidad de identificar acciones de economía circular en próximas fases o ventanas.,Economía circular territorial; gestión integrada de residuos; valorización de plásticos; pilotos de reciclaje; articulación público-privada; políticas públicas de economía circular; inclusión de recicladores; financiamiento climático.,Alineación con NDC y prioridades nacionales de Colombia; identificación conjunta con puntos focales nacionales; coordinación con ministerios sectoriales; modalidad de Diálogo País o acciones específicas según convocatoria.,"Variable según modalidad (propuestas de acción, perfiles de proyecto, TdR, presupuesto, marcos lógicos)",Ministerio de Ambiente de Colombia; puntos focales EUROCLIMA+; Expertise France Colombia; empresas ANDI; gremios; universidades; gobiernos locales.,Proceso de identificación puede ser largo (Diálogo País con gobierno); no hay convocatoria abierta específica publicada; acceso mediante coordinación oficial con puntos focales nacionales.,"Contactar puntos focales EUROCLIMA+ en Colombia (Ministerio de Ambiente, Cancillería, punto focal técnico) para expresar interés en desarrollar acciones de economía circular. Participar en futuros Diálogos País o ventanas de identificación de acciones.",Identificar y contactar puntos focales EUROCLIMA+ Colombia; solicitar información sobre próximas ventanas de identificación de acciones y posibilidad de proponer iniciativas de economía circular.,Coordinación de proyectos; Alianzas con gobierno,5,1,3,"Programa activo y relevante, pero no hay convocatoria abierta específica publicada. Acceso mediante Diálogo País y coordinación con gobierno colombiano. Documento menciona asistencia técnica a proyecto de economía circular (Guatemala), confirmando pertinencia temática. Requiere acción proactiva con puntos focales. | Fuente fuera del listado oficial conocido (expertisefrance.fr): verificar oficialidad",e2ec2a1d7e154405,2026-05-29
VC-0022,2026-05-29,UK PACT Colombia Fund - Green Finance,UK Partnering for Accelerated Climate Transitions (UK PACT) - Gobierno del Reino Unido,Cooperación bilateral,Reino Unido,Colombia,Financiamiento verde y acción climática,"Transición rural justa, transición energética justa, finanzas verdes, reducción de emisiones",Grant no reembolsable; Cooperación técnica,"Hasta £500,000 por proyecto por año fiscal UK (abril-marzo), máximo £1,000,000 por proyecto en 23 meses",GBP,No especificado en extracto; se permite cofinanciación de otros donantes si UK PACT es adicional y no duplicativo,2024-10-01,2024-11-15,Requiere verificación manual,Requiere verificación,https://www.ukpact.co.uk/country-programme/colombia,https://7376512.fs1.hubspotusercontent-na1.net/hubfs/7376512/Call%20for%20Proposals%20(CfP)%20launches/Colombia/2024/GF/Colombia-UK%20PACT%20ToR%20Green%20finance%20v5.pdf,"UK PACT Colombia financia proyectos de mitigación climática, transición rural y energética justa, y finanzas verdes en Colombia. Grants de hasta £1M por proyecto a 23 meses. Inicio esperado mayo 2025, cierre marzo 2027. Proceso en dos etapas: concepto (cerró 15 nov 2024) y propuesta completa (17 ene 2025).","Altamente pertinente: finanzas verdes pueden apalancar economía circular, REP, modelos de negocio circulares, reciclaje inclusivo y proyectos de envases sostenibles en Colombia, alineados con transición baja en carbono y protección de biodiversidad.",Instrumentos financieros verdes para cadenas de reciclaje; mecanismos de financiamiento para REP y cierre de ciclo de envases; modelos de negocio circulares con impacto climático; inclusión financiera de recicladores; pilotos de ecodiseño con financiamiento verde.,"Alineación con prioridades UK-Colombia (transición justa, finanzas verdes, reducción emisiones); demostración de adicionalidad; capacidad de implementación; inicio mayo 2025.",Propuesta conceptual (ya cerrada); propuesta completa para preseleccionados (17 ene 2025); presupuesto detallado; plan de trabajo; evidencia de capacidad institucional.,"ANDI, Visión Circular, empresas miembro REP, bancos verdes (Bancóldex), cooperativas de recicladores, universidades (EAFIT, Andes, Nacional), MinAmbiente, Findeter.",Convocatoria YA CERRADA (15 nov 2024) para conceptos. Solo aplicable si ANDI/Visión Circular fue preseleccionada y debe presentar propuesta completa antes del 17 ene 2025. Alta competencia.,"VERIFICAR URGENTE si ANDI/Visión Circular fue notificada como preseleccionada (notificación esperada 2 dic 2024). Si sí, preparar propuesta completa inmediatamente para 17 ene 2025. Si no, monitorear próximas convocatorias UK PACT Colombia.","Contactar inmediatamente al equipo UK PACT Colombia para confirmar si hay preselección; si aplica, convocar equipo de redacción de propuesta completa esta semana; si no, registrar para alertas de futuras convocatorias.",Dirección Ejecutiva / Coordinación de Proyectos y Alianzas Internacionales,5,1,2,Convocatoria en fase avanzada: cierre de conceptos fue 15 nov 2024. Solo relevante si Visión Circular/ANDI ya aplicó y fue preseleccionada. Plazo para propuesta completa: 17 ene 2025. Requiere verificación urgente de estatus. UK PACT tiene track record en Colombia con +34 proyectos desde 2018.,7121d568d8bd0db4,2026-05-29
VC-0023,2026-05-29,Global Innovation Fund - Convocatoria abierta (rolling basis),Global Innovation Fund (GIF),Fondo de inversión sin fines de lucro multilateral,"Reino Unido (sede en Londres, opera globalmente)",Países de ingresos bajos y medios (Colombia elegible),Innovación social con impacto en poblaciones de bajos ingresos,"Múltiples sectores incluyendo medio ambiente, reciclaje, economía circular, reducción de residuos, innovación sostenible",Grant no reembolsable; Financiamiento concesional; Innovación; Piloto demostrativo; Escalamiento,"Variables según etapa: pilotos, transición, escala. Ejemplo: USD 1.8M mencionado para proyectos en portafolio.",USD,"Depende de etapa y proyecto; GIF usa grants, equity, deuda según necesidad",Ventana abierta permanente (rolling basis),Última ventana cerró 15 enero 2025; próxima ventana por anunciarse,Requiere verificación manual,Requiere verificación,https://www.globalinnovation.fund/apply-for-funding,https://www.globalinnovation.fund,"GIF financia innovaciones escalables que mejoran vidas en países de ingresos bajos y medios. Ofrece capital flexible (grants, equity, deuda) en múltiples etapas (piloto, transición, escala). Proceso de aplicación simplificado, revisión continua. Ha financiado proyectos de reciclaje (ej. Mr. Green Africa en Kenya) y economía circular.","Pertinente para innovaciones circulares con impacto social: reciclaje inclusivo, tecnologías de reciclaje, reducción de residuos alimentarios, soluciones de packaging sostenible, modelos de negocio circulares que benefician poblaciones vulnerables (recicladores de base).",Pilotos de tecnologías de reciclaje de plásticos flexibles con inclusión social; escalamiento de modelos de negocio circular con recicladores; innovación en logística reversa para REP; soluciones de ecodiseño con impacto en comunidades; plataformas digitales para formalización de recicladores.,Innovación con potencial de escala; evidencia de impacto en poblaciones de bajos ingresos; modelo de negocio sostenible o ruta a sostenibilidad; medición rigurosa de impacto; aplicable a países de ingresos bajos/medios.,"Formulario de aplicación simplificado (disponible en sitio web); descripción de innovación, teoría de cambio, evidencia de impacto, equipo, presupuesto; documentos específicos según etapa de due diligence.","Cooperativas de recicladores, empresas sociales de reciclaje, startups de tecnología circular, universidades (para medición de impacto), redes regionales (Latitud R), empresas privadas (para escalamiento).","Última ventana cerró 15 ene 2025; próxima convocatoria no anunciada aún. Alta competencia global. Enfoque principal en innovaciones tempranas/medias, no grandes programas institucionales. Requiere fuerte componente de impacto en pobreza/bajos ingresos.","Monitorear anuncio de próxima convocatoria (revisar sitio mensualmente). Identificar innovaciones específicas en portafolio Visión Circular con potencial de escala y fuerte impacto social (reciclaje inclusivo, tecnologías piloto). Preparar casos de estudio de innovaciones existentes.",Suscribirse a alertas de GIF; revisar guías de aplicación detalladas; mapear 2-3 proyectos piloto de Visión Circular con potencial de escalamiento y fuerte componente de inclusión social; preparar concept notes preliminares.,Coordinación de Innovación y Nuevos Negocios / Alianzas Estratégicas,4,1,3,"Ventana abierta permanente pero última cerró recientemente (15 ene 2025), próxima fecha no confirmada. GIF tiene portafolio en reciclaje (ej. Mr Green Africa) lo que valida pertinencia. Requiere foco en innovación específica escalable, no programas amplios. Colombia elegible como país de ingreso medio. Aplicación simplificada facilita participación.",55b27fc923a8b22a,2026-05-29
